{"Loss": 0.0023134406947065145, "_runtime": 192, "_timestamp": 1632199427, "_step": 399, "Val Loss": 0.05557641014456749, "Acc": 99.5, "Val ACC": 86.8, "_wandb": {"runtime": 191}}