{"Loss": 0.0006042420900485013, "_runtime": 57, "_timestamp": 1632199533, "_step": 399, "Val Loss": 0.060128167271614075, "Acc": 68.1, "Val ACC": 55.900000000000006, "_wandb": {"runtime": 58}}