{"Loss": 0.08276449143886566, "_runtime": 8, "_timestamp": 1632198838, "_step": 1, "Val Loss": 0.08498603850603104, "_wandb": {"runtime": 10}}